Workbook

Sheet LEGENDA

Sheet Plan1
A1: Etabs | B1: TQS
A2: Story | B2: Story
A3: Story1 | B3: 1
A4: Story1 | B4: 2
A5: Story1 | B5: 3
A6: Story1 | B6: 4
A7: Story1 | B7: 5
A8: Story2 | B8: 6
A9: Story3 | B9: 7
A10: Story4 | B10: 8
A11: Story5 | B11: 9
A12: Story6 | B12: 10
... A54: Story50-AC | B54: 52

Sheet Pier Forces discr.
A1: TABLE: Pier Forces
A2: Story | B2: Story | C2: Pier | D2: Output Case | E2: Case Type | F2: Location | G2: P | H2: V2 | I2: V3 | J2: T | K2: M2 | L2: M3
A3: ETABS | B3: TQS | G3: tonf | H3: tonf | I3: tonf | J3: tonf-m | K3: tonf-m | L3: tonf-m
A4: Story50-AC | B4: =VLOOKUP(A4,Plan1!$A$3:$B$65,2,FALSE) -> 52 | C4: P8-1 | D4: ULS-NBR-1 | E4: Combination | F4: Top | G4: -9.8643 | H4: -1.2495 | I4: 1.6899 | J4: 0.3353 | K4: 0.0208 | L4: -0.0743
A5: Story50-AC | B5: =VLOOKUP(A5,Plan1!$A$3:$B$65,2,FALSE) -> 52 | C5: P8-1 | D5: ULS-NBR-1 | E5: Combination | F5: Bottom | G5: -33.6432 | H5: -12.3595 | I5: 2.8879 | J5: 5.7278 | K5: 6.8603 | L5: -56.77
A6: Story50-AC | B6: =VLOOKUP(A6,Plan1!$A$3:$B$65,2,FALSE) -> 52 | C6: P8-1 | D6: ULS-NBR-1 | E6: Combination | F6: Top | G6: -19.0604 | H6: -25.6083 | I6: 0.4505 | J6: -2.1141 | K6: -0.0667 | L6: -26.5022
A7: Story50-AC | B7: =VLOOKUP(A7,Plan1!$A$3:$B$65,2,FALSE) -> 52 | C7: P8-1 | D7: ULS-NBR-1 | E7: Combination | F7: Bottom | G7: -90.3936 | H7: -25.2258 | I7: 0.7639 | J7: 1.1903 | K7: 1.8465 | L7: -145.8624
A8: Story50-AC | B8: =VLOOKUP(A8,Plan1!$A$3:$B$65,2,FALSE) -> 52 | C8: P8-1 | D8: ULS-NBR-2 | E8: Combination | F8: Top | G8: -4.5773 | H8: 5.1888 | I8: 1.338 | J8: 0.6423 | K8: 0.0275 | L8: 5.4963
A9: Story50-AC | B9: =VLOOKUP(A9,Plan1!$A$3:$B$65,2,FALSE) -> 52 | C9: P8-1 | D9: ULS-NBR-2 | E9: Combination | F9: Bottom | G9: -12.47 | H9: -3.893 | I9: 2.2141 | J9: 4.3648 | K9: 5.3922 | L9: -12.7117
A10: Story50-AC | B10: =VLOOKUP(A10,Plan1!$A$3:$B$65,2,FALSE) -> 52 | C10: P8-1 | D10: ULS-NBR-2 | E10: Combination | F10: Top | G10: -13.7735 | H10: -19.17 | I10: 0.0986 | J10: -1.8071 | K10: -0.0601 | L10: -20.9316
A11: Story50-AC | B11: =VLOOKUP(A11,Plan1!$A$3:$B$65,2,FALSE) -> 52 | C11: P8-1 | D11: ULS-NBR-2 | E11: Combination | F11: Bottom | G11: -69.2205 | H11: -16.7593 | I11: 0.0901 | J11: -0.1727 | K11: 0.3783 | L11: -101.8041
A12: Story50-AC | B12: =VLOOKUP(A12,Plan1!$A$3:$B$65,2,FALSE) -> 52 | C12: P8-1 | D12: ULS-NBR-3 | E12: Combination | F12: Top | G12: -13.3203 | H12: -9.7633 | I12: 1.5066 | J12: -0.2286 | K12: 0.0032 | L12: -7.8435
A13: Story50-AC | B13: =VLOOKUP(A13,Plan1!$A$3:$B$65,2,FALSE) -> 52 | C13: P8-1 | D13: ULS-NBR-3 | E13: Combination | F13: Bottom | G13: -49.8282 | H13: -19.2686 | I13: 2.6761 | J13: 5.3449 | K13: 6.1717 | L13: -95.7436
A14: Story50-AC | B14: =VLOOKUP(A14,Plan1!$A$3:$B$65,2,FALSE) -> 52 | C14: P8-1 | D14: ULS-NBR-3 | E14: Combination | F14: Top | G14: -18.838 | H14: -24.3786 | I14: 0.7629 | J14: -1.6983 | K14: -0.0493 | L14: -23.7002
A15: Story50-AC | B15: =VLOOKUP(A15,Plan1!$A$3:$B$65,2,FALSE) -> 52 | C15: P8-1 | D15: ULS-NBR-3 | E15: Combination | F15: Bottom | G15: -83.8785 | H15: -26.9884 | I15: 1.4017 | J15: 2.6224 | K15: 3.1633 | L15: -149.1991
... A12967: Story2 | B12967: =VLOOKUP(A12967,Plan1!$A$3:$B$65,2,FALSE) -> 6 | C12967: P19-3 | D12967: ULS-NBR-4 | E12967: Combination | F12967: Bottom | G12967: -672.4851 | H12967: -2.8643 | I12967: -4.9369 | J12967: -5.0161 | K12967: -5.7483 | L12967: 17.8138
A12968: Story1 | B12968: 2 | C12968: P101-1 | D12968: ULS-NBR-1 | E12968: Combination | F12968: Top | G12968: -156.224 | H12968: 20.9694 | I12968: 3.2416 | J12968: -11.209 | K12968: -6.9362 | L12968: 183.9288
A12969: Story1 | B12969: 2 | C12969: P101-1 | D12969: ULS-NBR-1 | E12969: Combination | F12969: Bottom | G12969: -139.6804 | H12969: 83.9358 | I12969: 5.8963 | J12969: -0.6441 | K12969: -2.4998 | L12969: -121.7482
A12970: Story1 | B12970: 2 | C12970: P101-1 | D12970: ULS-NBR-1 | E12970: Combination | F12970: Top | G12970: -883.6352 | H12970: 10.6685 | I12970: 0.6682 | J12970: -17.4439 | K12970: -8.7088 | L12970: -129.8593
A12971: Story1 | B12971: 2 | C12971: P101-1 | D12971: ULS-NBR-1 | E12971: Combination | F12971: Bottom | G12971: -791.5084 | H12971: 24.9661 | I12971: 0.495 | J12971: -8.5442 | K12971: -6.616 | L12971: -186.434
A12972: Story1 | B12972: 2 | C12972: P101-1 | D12972: ULS-NBR-2 | E12972: Combination | F12972: Top | G12972: 14.9085 | H12972: 17.218 | I12972: -0.8946 | J12972: -2.6091 | K12972: -1.5412 | L12972: 180.1874
A12973: Story1 | B12973: 2 | C12973: P101-1 | D12973: ULS-NBR-2 | E12973: Combination | F12973: Bottom | G12973: 12.3866 | H12973: 67.3732 | I12973: 1.4739 | J12973: 3.7028 | K12973: -2.4054 | L12973: -65.1255
A12974: Story1 | B12974: 2 | C12974: P101-1 | D12974: ULS-NBR-2 | E12974: Combination | F12974: Top | G12974: -712.5027 | H12974: 6.9171 | I12974: -3.4681 | J12974: -8.844 | K12974: -3.3138 | L12974: -133.6007
A12975: Story1 | B12975: 2 | C12975: P101-1 | D12975: ULS-NBR-2 | E12975: Combination | F12975: Bottom | G12975: -639.4414 | H12975: 8.4035 | I12975: -3.9274 | J12975: -4.1972 | K12975: -6.5215 | L12975: -129.8114
A12976: Story1 | B12976: 2 | C12976: P101-1 | D12976: ULS-NBR-3 | E12976: Combination | F12976: Top | G12976: -333.3199 | H12976: 17.8335 | I12976: 7.7356 | J12976: -18.7654 | K12976: -11.7147 | L12976: 115.5952
A12977: Story1 | B12977: 2 | C12977: P101-1 | D12977: ULS-NBR-3 | E12977: Combination | F12977: Bottom | G12977: -296.7021 | H12977: 73.5492 | I12977: 9.7291 | J12977: -6.4722 | K12977: -1.6321 | L12977: -152.3206
A12978: Story1 | B12978: 2 | C12978: P101-1 | D12978: ULS-NBR-3 | E12978: Combination | F12978: Top | G12978: -769.7666 | H12978: 11.653 | I12978: 6.1916 | J12978: -22.5063 | K12978: -12.7783 | L12978: -72.6776
A12979: Story1 | B12979: 2 | C12979: P101-1 | D12979: ULS-NBR-3 | E12979: Combination | F12979: Bottom | G12979: -687.7989 | H12979: 38.1674 | I12979: 6.4884 | J12979: -11.2122 | K12979: -4.1018 | L12979: -191.1321
... A13037: Story1 | B13037: 2 | C13037: P101-5 | D13037: ULS-NBR-4 | E13037: Combination | F13037: Bottom | G13037: -1055.1742 | H13037: -92.6853 | I13037: -24.2894 | J13037: 23.8668 | K13037: -198.1685 | L13037: -188.7036
A13038: Story1 | B13038: =VLOOKUP(A13038,Plan1!$A$3:$B$65,2,FALSE) -> 1 | C13038: P8-1 | D13038: ULS-NBR-1 | E13038: Combination | F13038: Top | G13038: -3816.1306 | H13038: 956.5938 | I13038: 66.5796 | J13038: -54.0032 | K13038: 41.5039 | L13038: 7517.0703
A13039: Story1 | B13039: =VLOOKUP(A13039,Plan1!$A$3:$B$65,2,FALSE) -> 1 | C13039: P8-1 | D13039: ULS-NBR-1 | E13039: Combination | F13039: Bottom | G13039: -3719.9317 | H13039: 1046.8211 | I13039: 92.492 | J13039: 72.3279 | K13039: 145.5611 | L13039: 10459.041
A13040: Story1 | B13040: =VLOOKUP(A13040,Plan1!$A$3:$B$65,2,FALSE) -> 1 | C13040: P8-1 | D13040: ULS-NBR-1 | E13040: Combination | F13040: Top | G13040: -5443.0643 | H13040: 477.1843 | I13040: -2.9095 | J13040: -115.7827 | K13040: 28.422 | L13040: 3582.914
A13041: Story1 | B13041: =VLOOKUP(A13041,Plan1!$A$3:$B$65,2,FALSE) -> 1 | C13041: P8-1 | D13041: ULS-NBR-1 | E13041: Combination | F13041: Bottom | G13041: -5242.5686 | H13041: 543.3017 | I13041: 21.5692 | J13041: 31.1917 | K13041: 59.4896 | L13041: 5621.8448
A13042: Story1 | B13042: =VLOOKUP(A13042,Plan1!$A$3:$B$65,2,FALSE) -> 1 | C13042: P8-1 | D13042: ULS-NBR-2 | E13042: Combination | F13042: Top | G13042: -2247.7935 | H13042: 709.9851 | I13042: 67.575 | J13042: -21.0084 | K13042: 20.0531 | L13042: 5585.6926
A13043: Story1 | B13043: =VLOOKUP(A13043,Plan1!$A$3:$B$65,2,FALSE) -> 1 | C13043: P8-1 | D13043: ULS-NBR-2 | E13043: Combination | F13043: Bottom | G13043: -2205.1548 | H13043: 774.3599 | I13043: 83.529 | J13043: 59.4246 | K13043: 115.0466 | L13043: 7692.4002
A13044: Story1 | B13044: =VLOOKUP(A13044,Plan1!$A$3:$B$65,2,FALSE) -> 1 | C13044: P8-1 | D13044: ULS-NBR-2 | E13044: Combination | F13044: Top | G13044: -3874.7272 | H13044: 230.5756 | I13044: -1.9141 | J13044: -82.7878 | K13044: 6.9712 | L13044: 1651.5363
A13045: Story1 | B13045: =VLOOKUP(A13045,Plan1!$A$3:$B$65,2,FALSE) -> 1 | C13045: P8-1 | D13045: ULS-NBR-2 | E13045: Combination | F13045: Bottom | G13045: -3727.7917 | H13045: 270.8404 | I13045: 12.6063 | J13045: 18.2885 | K13045: 28.9752 | L13045: 2855.2043
A13046: Story1 | B13046: =VLOOKUP(A13046,Plan1!$A$3:$B$65,2,FALSE) -> 1 | C13046: P8-1 | D13046: ULS-NBR-3 | E13046: Combination | F13046: Top | G13046: -4485.3503 | H13046: 919.2085 | I13046: 38.5543 | J13046: -78.5948 | K13046: 54.9335 | L13046: 7214.1709
A13047: Story1 | B13047: =VLOOKUP(A13047,Plan1!$A$3:$B$65,2,FALSE) -> 1 | C13047: P8-1 | D13047: ULS-NBR-3 | E13047: Combination | F13047: Bottom | G13047: -4352.6466 | H13047: 1009.5384 | I13047: 68.0433 | J13047: 61.4612 | K13047: 130.0569 | L13047: 10148.721
A13048: Story1 | B13048: =VLOOKUP(A13048,Plan1!$A$3:$B$65,2,FALSE) -> 1 | C13048: P8-1 | D13048: ULS-NBR-3 | E13048: Combination | F13048: Top | G13048: -5461.5106 | H13048: 631.5628 | I13048: -3.1392 | J13048: -115.6624 | K13048: 47.0843 | L13048: 4853.6772
A13049: Story1 | B13049: =VLOOKUP(A13049,Plan1!$A$3:$B$65,2,FALSE) -> 1 | C13049: P8-1 | D13049: ULS-NBR-3 | E13049: Combination | F13049: Bottom | G13049: -5266.2287 | H13049: 707.4268 | I13049: 25.4896 | J13049: 36.7796 | K13049: 78.414 | L13049: 7246.4035
... A13135: Story1 | B13135: =VLOOKUP(A13135,Plan1!$A$3:$B$65,2,FALSE) -> 1 | C13135: P8-7 | D13135: ULS-NBR-4 | E13135: Combination | F13135: Bottom | G13135: -1260.6381 | H13135: 46.1209 | I13135: 28.5592 | J13135: 25.6184 | K13135: 23.2322 | L13135: 388.569
A13136: Story1 | B13136: 2 | C13136: P106-1 | D13136: ULS-NBR-1 | E13136: Combination | F13136: Top | G13136: -331.1959 | H13136: 70.9839 | I13136: -15.7713 | J13136: 36.6838 | K13136: 13.4235 | L13136: 683.771
A13137: Story1 | B13137: 2 | C13137: P106-1 | D13137: ULS-NBR-1 | E13137: Combination | F13137: Bottom | G13137: -332.423 | H13137: 49.4731 | I13137: 7.5737 | J13137: 103.2482 | K13137: -4.5142 | L13137: 722.8506
A13138: Story1 | B13138: 2 | C13138: P106-1 | D13138: ULS-NBR-1 | E13138: Combination | F13138: Top | G13138: -1977.0039 | H13138: 29.521 | I13138: -34.9055 | J13138: 17.4798 | K13138: -11.9206 | L13138: -235.007
A13139: Story1 | B13139: 2 | C13139: P106-1 | D13139: ULS-NBR-1 | E13139: Combination | F13139: Bottom | G13139: -1960.7883 | H13139: 31.2075 | I13139: -24.3131 | J13139: 10.8966 | K13139: -39.4589 | L13139: -204.3129
A13140: Story1 | B13140: 2 | C13140: P106-1 | D13140: ULS-NBR-2 | E13140: Combination | F13140: Top | G13140: 87.0229 | H13140: 56.5359 | I13140: -9.2531 | J13140: 29.7793 | K13140: 14.2186 | L13140: 591.8364
A13141: Story1 | B13141: 2 | C13141: P106-1 | D13141: ULS-NBR-2 | E13141: Combination | F13141: Bottom | G13141: 82.5754 | H13141: 38.621 | I13141: 7.5884 | J13141: 84.8272 | K13141: 0.9552 | L13141: 623.1454
A13142: Story1 | B13142: 2 | C13142: P106-1 | D13142: ULS-NBR-2 | E13142: Combination | F13142: Top | G13142: -1558.7852 | H13142: 15.073 | I13142: -28.3873 | J13142: 10.5752 | K13142: -11.1255 | L13142: -326.9415
A13143: Story1 | B13143: 2 | C13143: P106-1 | D13143: ULS-NBR-2 | E13143: Combination | F13143: Bottom | G13143: -1545.7898 | H13143: 20.3554 | I13143: -24.2984 | J13143: -7.5244 | K13143: -33.9894 | L13143: -304.0181
A13144: Story1 | B13144: 2 | C13144: P106-1 | D13144: ULS-NBR-3 | E13144: Combination | F13144: Top | G13144: -784.2238 | H13144: 62.8174 | I13144: -18.5882 | J13144: 31.6766 | K13144: 6.9409 | L13144: 538.971
A13145: Story1 | B13145: 2 | C13145: P106-1 | D13145: ULS-NBR-3 | E13145: Combination | F13145: Bottom | G13145: -780.4516 | H13145: 44.8769 | I13145: 4.5236 | J13145: 87.7383 | K13145: -10.3658 | L13145: 573.2976
A13146: Story1 | B13146: 2 | C13146: P106-1 | D13146: ULS-NBR-3 | E13146: Combination | F13146: Top | G13146: -1771.7086 | H13146: 37.9397 | I13146: -30.0687 | J13146: 20.1542 | K13146: -8.2655 | L13146: -12.2958
A13147: Story1 | B13147: 2 | C13147: P106-1 | D13147: ULS-NBR-3 | E13147: Combination | F13147: Bottom | G13147: -1757.4708 | H13147: 33.9175 | I13147: -14.6085 | J13147: 32.3274 | K13147: -31.3326 | L13147: 16.9995
... A13191: Story1 | B13191: 2 | C13191: P106-4 | D13191: ULS-NBR-4 | E13191: Combination | F13191: Bottom | G13191: -605.508 | H13191: -14.836 | I13191: -9.4166 | J13191: 6.7072 | K13191: 3.2283 | L13191: -171.0329
A13192: Story1 | B13192: =VLOOKUP(A13192,Plan1!$A$3:$B$65,2,FALSE) -> 1 | C13192: P10-1 | D13192: ULS-NBR-1 | E13192: Combination | F13192: Top | G13192: -496.4412 | H13192: -135.8468 | I13192: -40.6999 | J13192: 21.0714 | K13192: 18.2774 | L13192: -3.0681
A13193: Story1 | B13193: =VLOOKUP(A13193,Plan1!$A$3:$B$65,2,FALSE) -> 1 | C13193: P10-1 | D13193: ULS-NBR-1 | E13193: Combination | F13193: Bottom | G13193: -344.246 | H13193: -114.1298 | I13193: 11.854 | J13193: 4.6651 | K13193: 2.8342 | L13193: -84.736
A13194: Story1 | B13194: =VLOOKUP(A13194,Plan1!$A$3:$B$65,2,FALSE) -> 1 | C13194: P10-1 | D13194: ULS-NBR-1 | E13194: Combination | F13194: Top | G13194: -1088.5959 | H13194: -288.2763 | I13194: -46.8364 | J13194: 15.3969 | K13194: 16.5876 | L13194: -95.1953
A13195: Story1 | B13195: =VLOOKUP(A13195,Plan1!$A$3:$B$65,2,FALSE) -> 1 | C13195: P10-1 | D13195: ULS-NBR-1 | E13195: Combination | F13195: Bottom | G13195: -899.5235 | H13195: -247.607 | I13195: -4.5371 | J13195: 2.711 | K13195: -7.9787 | L13195: -265.1023
A13196: Story1 | B13196: =VLOOKUP(A13196,Plan1!$A$3:$B$65,2,FALSE) -> 1 | C13196: P10-1 | D13196: ULS-NBR-2 | E13196: Combination | F13196: Top | G13196: -240.5268 | H13196: -65.5595 | I13196: -25.5547 | J13196: 14.7056 | K13196: 12.1576 | L13196: 13.6478
A13197: Story1 | B13197: =VLOOKUP(A13197,Plan1!$A$3:$B$65,2,FALSE) -> 1 | C13197: P10-1 | D13197: ULS-NBR-2 | E13197: Combination | F13197: Bottom | G13197: -144.3536 | H13197: -54.4732 | I13197: 10.7814 | J13197: 3.355 | K13197: 3.7541 | L13197: -26.8252
A13198: Story1 | B13198: =VLOOKUP(A13198,Plan1!$A$3:$B$65,2,FALSE) -> 1 | C13198: P10-1 | D13198: ULS-NBR-2 | E13198: Combination | F13198: Top | G13198: -832.6815 | H13198: -217.989 | I13198: -31.6911 | J13198: 9.0311 | K13198: 10.4677 | L13198: -78.4794
A13199: Story1 | B13199: =VLOOKUP(A13199,Plan1!$A$3:$B$65,2,FALSE) -> 1 | C13199: P10-1 | D13199: ULS-NBR-2 | E13199: Combination | F13199: Bottom | G13199: -699.6311 | H13199: -187.9505 | I13199: -5.6096 | J13199: 1.4009 | K13199: -7.0588 | L13199: -207.1915
A13200: Story1 | B13200: =VLOOKUP(A13200,Plan1!$A$3:$B$65,2,FALSE) -> 1 | C13200: P10-1 | D13200: ULS-NBR-3 | E13200: Combination | F13200: Top | G13200: -656.1449 | H13200: -179.9104 | I13200: -45.6233 | J13200: 21.555 | K13200: 19.5342 | L13200: -25.2432
A13201: Story1 | B13201: =VLOOKUP(A13201,Plan1!$A$3:$B$65,2,FALSE) -> 1 | C13201: P10-1 | D13201: ULS-NBR-3 | E13201: Combination | F13201: Bottom | G13201: -486.397 | H13201: -151.997 | I13201: 8.614 | J13201: 4.6333 | K13201: 0.4127 | L13201: -131.9168
A13202: Story1 | B13202: =VLOOKUP(A13202,Plan1!$A$3:$B$65,2,FALSE) -> 1 | C13202: P10-1 | D13202: ULS-NBR-3 | E13202: Combination | F13202: Top | G13202: -1011.4377 | H13202: -271.368 | I13202: -49.3052 | J13202: 18.1503 | K13202: 18.5203 | L13202: -80.5196
A13203: Story1 | B13203: =VLOOKUP(A13203,Plan1!$A$3:$B$65,2,FALSE) -> 1 | C13203: P10-1 | D13203: ULS-NBR-3 | E13203: Combination | F13203: Bottom | G13203: -819.5635 | H13203: -232.0833 | I13203: -1.2206 | J13203: 3.4608 | K13203: -6.0751 | L13203: -240.1365
... A13275: Story1 | B13275: =VLOOKUP(A13275,Plan1!$A$3:$B$65,2,FALSE) -> 1 | C13275: P11-3 | D13275: ULS-NBR-4 | E13275: Combination | F13275: Bottom | G13275: -778.2133 | H13275: 25.7821 | I13275: 6.0302 | J13275: 13.0018 | K13275: 0.6257 | L13275: -10.3518
A13276: Story1 | B13276: 5 | C13276: P17-1 | D13276: ULS-NBR-1 | E13276: Combination | F13276: Top | G13276: -1989.2222 | H13276: 85.7952 | I13276: -11.4057 | J13276: -10.6141 | K13276: 24.5307 | L13276: 759.7226
A13277: Story1 | B13277: 5 | C13277: P17-1 | D13277: ULS-NBR-1 | E13277: Combination | F13277: Bottom | G13277: -1973.1496 | H13277: 97.7655 | I13277: -42.7024 | J13277: 71.6418 | K13277: -12.8364 | L13277: 895.3479
A13278: Story1 | B13278: 5 | C13278: P17-1 | D13278: ULS-NBR-1 | E13278: Combination | F13278: Top | G13278: -2833.2012 | H13278: -45.1039 | I13278: -22.0717 | J13278: -30.8046 | K13278: 1.3924 | L13278: -294.4495
A13279: Story1 | B13279: 5 | C13279: P17-1 | D13279: ULS-NBR-1 | E13279: Combination | F13279: Bottom | G13279: -2792.8919 | H13279: -5.97 | I13279: -92.7275 | J13279: 27.5262 | K13279: -68.3057 | L13279: -247.5656
A13280: Story1 | B13280: 5 | C13280: P17-1 | D13280: ULS-NBR-2 | E13280: Combination | F13280: Top | G13280: -1194.8201 | H13280: 77.2152 | I13280: -5.7579 | J13280: -3.7821 | K13280: 19.6664 | L13280: 670.1016
A13281: Story1 | B13281: 5 | C13281: P17-1 | D13281: ULS-NBR-2 | E13281: Combination | F13281: Bottom | G13281: -1187.8169 | H13281: 81.1948 | I13281: -21.2921 | J13281: 56.435 | K13281: -0.6837 | L13281: 774.3275
A13282: Story1 | B13282: 5 | C13282: P17-1 | D13282: ULS-NBR-2 | E13282: Combination | F13282: Top | G13282: -2038.7991 | H13282: -53.6839 | I13282: -16.4239 | J13282: -23.9726 | K13282: -3.4719 | L13282: -384.0705
A13283: Story1 | B13283: 5 | C13283: P17-1 | D13283: ULS-NBR-2 | E13283: Combination | F13283: Bottom | G13283: -2007.5592 | H13283: -22.5407 | I13283: -71.3171 | J13283: 12.3194 | K13283: -56.1529 | L13283: -368.5859
A13284: Story1 | B13284: 5 | C13284: P17-1 | D13284: ULS-NBR-3 | E13284: Combination | F13284: Top | G13284: -2305.6963 | H13284: 63.4892 | I13284: -14.7503 | J13284: -15.9333 | K13284: 21.5285 | L13284: 581.3029
A13285: Story1 | B13285: 5 | C13285: P17-1 | D13285: ULS-NBR-3 | E13285: Combination | F13285: Bottom | G13285: -2283.3555 | H13285: 81.8582 | I13285: -55.5959 | J13285: 64.2746 | K13285: -24.7158 | L13285: 706.6372
A13286: Story1 | B13286: 5 | C13286: P17-1 | D13286: ULS-NBR-3 | E13286: Combination | F13286: Top | G13286: -2812.0837 | H13286: -15.0503 | I13286: -21.1499 | J13286: -28.0475 | K13286: 7.6455 | L13286: -51.2003
A13287: Story1 | B13287: 5 | C13287: P17-1 | D13287: ULS-NBR-3 | E13287: Combination | F13287: Bottom | G13287: -2775.2009 | H13287: 19.617 | I13287: -85.6109 | J13287: 37.8053 | K13287: -57.9973 | L13287: 20.8892
... A13359: Story1 | B13359: 4 | C13359: P19-3 | D13359: ULS-NBR-4 | E13359: Combination | F13359: Bottom | G13359: -682.3717 | H13359: 27.3943 | I13359: -0.4527 | J13359: -2.1718 | K13359: -11.1815 | L13359: 23.7334

Sheet Pier Forces
A1: TABLE: Pier Forces
A2: Story | B2: Story | C2: Pier | D2: Output Case | E2: Case Type | F2: Location | G2: P | H2: V2 | I2: V3 | J2: T | K2: M2 | L2: M3
A3: ETABS | B3: TQS | G3: tonf | H3: tonf | I3: tonf | J3: tonf-m | K3: tonf-m | L3: tonf-m
A4: Story50-AC | B4: =VLOOKUP(A4,Plan1!$A$3:$B$65,2,FALSE) -> 52 | C4: P8 | D4: ULS-NBR-1 | E4: Combination | F4: Top | G4: -41.0691 | H4: -27.7677 | I4: 19.2086 | J4: 15.4311 | K4: 14.0292 | L4: 6.2622
A5: Story50-AC | B5: =VLOOKUP(A5,Plan1!$A$3:$B$65,2,FALSE) -> 52 | C5: P8 | D5: ULS-NBR-1 | E5: Combination | F5: Bottom | G5: -124.6199 | H5: -34.3019 | I5: 19.0699 | J5: 42.7729 | K5: 140.9402 | L5: -155.4308
A6: Story50-AC | B6: =VLOOKUP(A6,Plan1!$A$3:$B$65,2,FALSE) -> 52 | C6: P8 | D6: ULS-NBR-1 | E6: Combination | F6: Top | G6: -51.0905 | H6: -42.3008 | I6: -15.6579 | J6: -48.8645 | K6: -19.9574 | L6: -46.3087
A7: Story50-AC | B7: =VLOOKUP(A7,Plan1!$A$3:$B$65,2,FALSE) -> 52 | C7: P8 | D7: ULS-NBR-1 | E7: Combination | F7: Bottom | G7: -177.1007 | H7: -67.9104 | I7: -15.2701 | J7: -101.8815 | K7: -145.4754 | L7: -497.7709
A8: Story50-AC | B8: =VLOOKUP(A8,Plan1!$A$3:$B$65,2,FALSE) -> 52 | C8: P8 | D8: ULS-NBR-2 | E8: Combination | F8: Top | G8: -24.4358 | H8: -14.2249 | I8: 19.2637 | J8: 18.5553 | K8: 15.7775 | L8: 15.3872
A9: Story50-AC | B9: =VLOOKUP(A9,Plan1!$A$3:$B$65,2,FALSE) -> 52 | C9: P8 | D9: ULS-NBR-2 | E9: Combination | F9: Bottom | G9: -74.0806 | H9: -14.6061 | I9: 19.0912 | J9: 51.8026 | K9: 147.5024 | L9: -25.1143
A10: Story50-AC | B10: =VLOOKUP(A10,Plan1!$A$3:$B$65,2,FALSE) -> 52 | C10: P8 | D10: ULS-NBR-2 | E10: Combination | F10: Top | G10: -34.4572 | H10: -28.758 | I10: -15.6028 | J10: -45.7403 | K10: -18.209 | L10: -37.1837
A11: Story50-AC | B11: =VLOOKUP(A11,Plan1!$A$3:$B$65,2,FALSE) -> 52 | C11: P8 | D11: ULS-NBR-2 | E11: Combination | F11: Bottom | G11: -126.5614 | H11: -48.2146 | I11: -15.2489 | J11: -92.8518 | K11: -138.9132 | L11: -367.4544
A12: Story50-AC | B12: =VLOOKUP(A12,Plan1!$A$3:$B$65,2,FALSE) -> 52 | C12: P8 | D12: ULS-NBR-3 | E12: Combination | F12: Top | G12: -47.9281 | H12: -35.6206 | I12: 11.448 | J12: 4.8848 | K12: 5.9698 | L12: -9.0177
A13: Story50-AC | B13: =VLOOKUP(A13,Plan1!$A$3:$B$65,2,FALSE) -> 52 | C13: P8 | D13: ULS-NBR-3 | E13: Combination | F13: Bottom | G13: -145.527 | H13: -48.1552 | I13: 11.4122 | J13: 13.0221 | K13: 75.3771 | L13: -275.7016
A14: Story50-AC | B14: =VLOOKUP(A14,Plan1!$A$3:$B$65,2,FALSE) -> 52 | C14: P8 | D14: ULS-NBR-3 | E14: Combination | F14: Top | G14: -53.9409 | H14: -44.3404 | I14: -9.4719 | J14: -33.6926 | K14: -14.4221 | L14: -40.5602
A15: Story50-AC | B15: =VLOOKUP(A15,Plan1!$A$3:$B$65,2,FALSE) -> 52 | C15: P8 | D15: ULS-NBR-3 | E15: Combination | F15: Bottom | G15: -177.0155 | H15: -68.3203 | I15: -9.1918 | J15: -73.7705 | K15: -96.4723 | L15: -481.1057
... A11819: Story1 | B11819: =VLOOKUP(A11819,Plan1!$A$3:$B$65,2,FALSE) -> 1 | C11819: P8 | D11819: ULS-NBR-4 | E11819: Combination | F11819: Bottom | G11819: -11932.92 | H11819: 838.7915 | I11819: 522.1525 | J11819: -369.3365 | K11819: 10138.393 | L11819: 8146.0364
A11820: Story1 | B11820: 3 | C11820: P9 | D11820: ULS-NBR-1 | E11820: Combination | F11820: Top | G11820: -770.2216 | H11820: 10.2472 | I11820: -0.9323 | J11820: 0.6051 | K11820: 5.6643 | L11820: 192.6015
A11821: Story1 | B11821: 3 | C11821: P9 | D11821: ULS-NBR-1 | E11821: Combination | F11821: Bottom | G11821: -773.0429 | H11821: 10.2471 | I11821: -0.9323 | J11821: 0.6062 | K11821: 2.1144 | L11821: 206.7346
A11822: Story1 | B11822: 3 | C11822: P9 | D11822: ULS-NBR-1 | E11822: Combination | F11822: Top | G11822: -1372.2621 | H11822: -11.2667 | I11822: -10.6319 | J11822: -1.3939 | K11822: -0.7965 | L11822: 17.5388
A11823: Story1 | B11823: 3 | C11823: P9 | D11823: ULS-NBR-1 | E11823: Combination | F11823: Bottom | G11823: -1375.0834 | H11823: -11.2667 | I11823: -10.6319 | J11823: -1.3982 | K11823: -11.1043 | L11823: 2.6366
A11824: Story1 | B11824: 3 | C11824: P9 | D11824: ULS-NBR-2 | E11824: Combination | F11824: Top | G11824: -418.5609 | H11824: 10.2257 | I11824: 0.8654 | J11824: 0.7496 | K11824: 4.8074 | L11824: 155.5364
A11825: Story1 | B11825: 3 | C11825: P9 | D11825: ULS-NBR-2 | E11825: Combination | F11825: Bottom | G11825: -420.5761 | H11825: 10.2257 | I11825: 0.8654 | J11825: 0.7512 | K11825: 3.6322 | L11825: 169.5373
A11826: Story1 | B11826: 3 | C11826: P9 | D11826: ULS-NBR-2 | E11826: Combination | F11826: Top | G11826: -1020.6014 | H11826: -11.2881 | I11826: -8.8342 | J11826: -1.2495 | K11826: -1.6534 | L11826: -19.5263
A11827: Story1 | B11827: 3 | C11827: P9 | D11827: ULS-NBR-2 | E11827: Combination | F11827: Bottom | G11827: -1022.6165 | H11827: -11.2882 | I11827: -8.8342 | J11827: -1.2532 | K11827: -9.5865 | L11827: -34.5607
A11828: Story1 | B11828: 3 | C11828: P9 | D11828: ULS-NBR-3 | E11828: Combination | F11828: Top | G11828: -954.458 | H11828: 6.1783 | I11828: -3.0762 | J11828: 0.1608 | K11828: 4.5982 | L11828: 167.4521
A11829: Story1 | B11829: 3 | C11829: P9 | D11829: ULS-NBR-3 | E11829: Combination | F11829: Bottom | G11829: -957.2793 | H11829: 6.1783 | I11829: -3.0762 | J11829: 0.1607 | K11829: -0.8563 | L11829: 176.117
A11830: Story1 | B11830: 3 | C11830: P9 | D11830: ULS-NBR-3 | E11830: Combination | F11830: Top | G11830: -1315.6823 | H11830: -6.73 | I11830: -8.896 | J11830: -1.0387 | K11830: 0.7218 | L11830: 62.4145
A11831: Story1 | B11831: 3 | C11831: P9 | D11831: ULS-NBR-3 | E11831: Combination | F11831: Bottom | G11831: -1318.5036 | H11831: -6.73 | I11831: -8.896 | J11831: -1.042 | K11831: -8.7875 | L11831: 53.6582
... A11833: Story1 | B11833: 3 | C11833: P9 | D11833: ULS-NBR-4 | E11833: Combination | F11833: Bottom | G11833: -1129.0663 | H11833: 0.2869 | I11833: -5.7586 | J11833: -0.408 | K11833: -4.645 | L11833: 118.9243
A11834: Story1 | B11834: =VLOOKUP(A11834,Plan1!$A$3:$B$65,2,FALSE) -> 1 | C11834: P10 | D11834: ULS-NBR-1 | E11834: Combination | F11834: Top | G11834: -2676.6032 | H11834: -150.2602 | I11834: -266.815 | J11834: 435.3873 | K11834: -194.8277 | L11834: -302.5769
A11835: Story1 | B11835: =VLOOKUP(A11835,Plan1!$A$3:$B$65,2,FALSE) -> 1 | C11835: P10 | D11835: ULS-NBR-1 | E11835: Combination | F11835: Bottom | G11835: -2686.3082 | H11835: -150.2613 | I11835: -266.8151 | J11835: 435.4401 | K11835: -541.7392 | L11835: -510.2342
A11836: Story1 | B11836: =VLOOKUP(A11836,Plan1!$A$3:$B$65,2,FALSE) -> 1 | C11836: P10 | D11836: ULS-NBR-1 | E11836: Combination | F11836: Top | G11836: -3754.4585 | H11836: -333.5871 | I11836: -346.6942 | J11836: 235.0528 | K11836: -785.9773 | L11836: -1062.3173
A11837: Story1 | B11837: =VLOOKUP(A11837,Plan1!$A$3:$B$65,2,FALSE) -> 1 | C11837: P10 | D11837: ULS-NBR-1 | E11837: Combination | F11837: Bottom | G11837: -3764.1635 | H11837: -333.5882 | I11837: -346.6943 | J11837: 235.0844 | K11837: -1237.7669 | L11837: -1482.6017
A11838: Story1 | B11838: =VLOOKUP(A11838,Plan1!$A$3:$B$65,2,FALSE) -> 1 | C11838: P10 | D11838: ULS-NBR-2 | E11838: Combination | F11838: Top | G11838: -1620.7439 | H11838: -70.9076 | I11838: -166.0126 | J11838: 322.365 | K11838: -24.1327 | L11838: -74.3288
A11839: Story1 | B11839: =VLOOKUP(A11839,Plan1!$A$3:$B$65,2,FALSE) -> 1 | C11839: P10 | D11839: ULS-NBR-2 | E11839: Combination | F11839: Bottom | G11839: -1627.6761 | H11839: -70.9084 | I11839: -166.0126 | J11839: 322.4041 | K11839: -239.7736 | L11839: -178.5169
A11840: Story1 | B11840: =VLOOKUP(A11840,Plan1!$A$3:$B$65,2,FALSE) -> 1 | C11840: P10 | D11840: ULS-NBR-2 | E11840: Combination | F11840: Top | G11840: -2698.5992 | H11840: -254.2345 | I11840: -245.8918 | J11840: 122.0305 | K11840: -615.2823 | L11840: -834.0692
A11841: Story1 | B11841: =VLOOKUP(A11841,Plan1!$A$3:$B$65,2,FALSE) -> 1 | C11841: P10 | D11841: ULS-NBR-2 | E11841: Combination | F11841: Bottom | G11841: -2705.5313 | H11841: -254.2353 | I11841: -245.8918 | J11841: 122.0484 | K11841: -935.8013 | L11841: -1150.8843
A11842: Story1 | B11842: =VLOOKUP(A11842,Plan1!$A$3:$B$65,2,FALSE) -> 1 | C11842: P10 | D11842: ULS-NBR-3 | E11842: Combination | F11842: Top | G11842: -3084.1649 | H11842: -201.2499 | I11842: -301.2124 | J11842: 419.4636 | K11842: -355.8696 | L11842: -501.0934
A11843: Story1 | B11843: =VLOOKUP(A11843,Plan1!$A$3:$B$65,2,FALSE) -> 1 | C11843: P10 | D11843: ULS-NBR-3 | E11843: Combination | F11843: Bottom | G11843: -3093.87 | H11843: -201.251 | I11843: -301.2125 | J11843: 419.5146 | K11843: -747.7954 | L11843: -770.5448
A11844: Story1 | B11844: =VLOOKUP(A11844,Plan1!$A$3:$B$65,2,FALSE) -> 1 | C11844: P10 | D11844: ULS-NBR-3 | E11844: Combination | F11844: Top | G11844: -3730.8781 | H11844: -311.246 | I11844: -349.1399 | J11844: 299.2629 | K11844: -710.5594 | L11844: -956.9377
A11845: Story1 | B11845: =VLOOKUP(A11845,Plan1!$A$3:$B$65,2,FALSE) -> 1 | C11845: P10 | D11845: ULS-NBR-3 | E11845: Combination | F11845: Bottom | G11845: -3740.5831 | H11845: -311.2471 | I11845: -349.14 | J11845: 299.3011 | K11845: -1165.412 | L11845: -1353.9653
... A11861: Story1 | B11861: =VLOOKUP(A11861,Plan1!$A$3:$B$65,2,FALSE) -> 1 | C11861: P11 | D11861: ULS-NBR-4 | E11861: Combination | F11861: Bottom | G11861: -3382.2658 | H11861: -361.9724 | I11861: 126.6951 | J11861: -461.1807 | K11861: 399.3944 | L11861: -1586.1432
A11862: Story1 | B11862: 4 | C11862: P12 | D11862: ULS-NBR-1 | E11862: Combination | F11862: Top | G11862: -781.0463 | H11862: 17.3221 | I11862: 4.2309 | J11862: 0.2218 | K11862: 3.8264 | L11862: 75.3353
A11863: Story1 | B11863: 4 | C11863: P12 | D11863: ULS-NBR-1 | E11863: Combination | F11863: Bottom | G11863: -783.8675 | H11863: 17.3221 | I11863: 4.2309 | J11863: 0.2223 | K11863: 3.2168 | L11863: 98.6745
A11864: Story1 | B11864: 4 | C11864: P12 | D11864: ULS-NBR-1 | E11864: Combination | F11864: Top | G11864: -1459.2683 | H11864: -4.7602 | I11864: -16.1249 | J11864: -2.5813 | K11864: -2.9125 | L11864: -94.3159
A11865: Story1 | B11865: 4 | C11865: P12 | D11865: ULS-NBR-1 | E11865: Combination | F11865: Bottom | G11865: -1462.0896 | H11865: -4.7603 | I11865: -16.1249 | J11865: -2.586 | K11865: -18.7244 | L11865: -100.8543
A11866: Story1 | B11866: 4 | C11866: P12 | D11866: ULS-NBR-2 | E11866: Combination | F11866: Top | G11866: -399.4323 | H11866: 14.8785 | I11866: 5.7226 | J11866: 0.5669 | K11866: 3.802 | L11866: 76.6572
A11867: Story1 | B11867: 4 | C11867: P12 | D11867: ULS-NBR-2 | E11867: Combination | F11867: Bottom | G11867: -401.4475 | H11867: 14.8785 | I11867: 5.7226 | J11867: 0.568 | K11867: 5.2806 | L11867: 96.7276
A11868: Story1 | B11868: 4 | C11868: P12 | D11868: ULS-NBR-2 | E11868: Combination | F11868: Top | G11868: -1077.6543 | H11868: -7.2038 | I11868: -14.6332 | J11868: -2.2362 | K11868: -2.9369 | L11868: -92.9941
A11869: Story1 | B11869: 4 | C11869: P12 | D11869: ULS-NBR-2 | E11869: Combination | F11869: Bottom | G11869: -1079.6695 | H11869: -7.2039 | I11869: -14.6332 | J11869: -2.2403 | K11869: -16.6606 | L11869: -102.8012
A11870: Story1 | B11870: 4 | C11870: P12 | D11870: ULS-NBR-3 | E11870: Combination | F11870: Top | G11870: -1002.8873 | H11870: 13.8143 | I11870: 0.4501 | J11870: -0.35 | K11870: 2.33 | L11870: 43.3506
A11871: Story1 | B11871: 4 | C11871: P12 | D11871: ULS-NBR-3 | E11871: Combination | F11871: Bottom | G11871: -1005.7086 | H11871: 13.8143 | I11871: 0.4501 | J11871: -0.3506 | K11871: -0.9592 | L11871: 61.9304
A11872: Story1 | B11872: 4 | C11872: P12 | D11872: ULS-NBR-3 | E11872: Combination | F11872: Top | G11872: -1409.8206 | H11872: 0.5649 | I11872: -11.7634 | J11872: -2.0318 | K11872: -1.7134 | L11872: -58.4401
A11873: Story1 | B11873: 4 | C11873: P12 | D11873: ULS-NBR-3 | E11873: Combination | F11873: Bottom | G11873: -1412.6418 | H11873: 0.5649 | I11873: -11.7634 | J11873: -2.0356 | K11873: -14.1239 | L11873: -57.7869
... A12015: Story1 | B12015: 2 | C12015: P107 | D12015: ULS-NBR-4 | E12015: Combination | F12015: Bottom | G12015: -1212.6785 | H12015: -28.1831 | I12015: -8.3366 | J12015: 4.0997 | K12015: -55.1076 | L12015: -217.6832
